date	count
2021-06-01 19:22:33.563763	2350740
2021-06-01 19:35:55.387635	2350751
2021-06-01 21:19:03.615943	2351072
2021-06-01 22:46:43.408636	2351254
2021-06-01 23:32:58.745276	2351346
2021-06-02 00:56:26.386975	2351475
2021-06-02 05:04:38.510525	2351736
2021-06-02 07:31:20.747744	2351861
2021-06-02 09:29:32.832035	2351952
2021-06-02 11:06:00.965773	2352074
2021-06-02 12:32:35.131813	2352157
2021-06-02 14:22:11.328694	2352295
2021-06-02 15:37:11.812920	2352452
2021-06-02 17:17:26.744940	2352627
2021-06-02 20:08:30.079404	2352979
2021-06-02 21:57:21.567856	2353199
2021-06-02 23:31:51.642681	2353363
2021-06-03 00:44:56.777368	2353525
2021-06-03 04:01:35.702863	2353650
2021-06-03 06:29:28.865199	2353740
2021-06-03 08:12:24.040488	2353788
2021-06-03 09:42:29.257095	2353836
2021-06-03 10:36:18.228432	2353944
2021-06-03 11:43:22.316850	2353995
2021-06-03 12:23:40.694990	2354051
2021-06-03 13:52:20.738408	2354144
2021-06-03 15:15:09.608177	2354201
2021-06-03 16:43:04.260541	2354346
2021-06-03 19:06:39.615052	2354582
2021-06-03 21:00:53.409421	2354755
2021-06-03 22:30:58.481360	2354907
2021-06-03 23:34:47.964295	2354970
2021-06-04 00:45:58.684994	2355028
2021-06-04 03:07:03.171313	2355130
2021-06-04 05:21:22.915349	2355267
2021-06-04 07:29:09.817225	2355323
2021-06-04 09:20:13.367404	2355390
2021-06-04 11:01:31.807954	2355462
2021-06-04 12:39:31.017631	2355584
2021-06-04 14:06:13.259110	2355647
2021-06-04 15:27:33.457002	2355779
2021-06-04 16:51:16.428457	2356015
2021-06-04 19:23:01.117269	2356397
2021-06-04 20:51:14.721667	2356583
2021-06-04 22:21:40.882518	2356768
2021-06-04 23:24:32.878532	2356917
2021-06-05 00:30:16.494307	2356938
2021-06-05 02:52:56.476982	2357084
2021-06-05 04:58:41.119209	2357141
2021-06-05 06:38:06.306779	2357209
2021-06-05 07:38:37.891647	2357244
2021-06-05 08:26:02.094592	2357308
2021-06-05 09:27:24.827449	2357352
2021-06-05 10:28:50.054159	2357401
2021-06-05 11:30:40.330964	2357597
2021-06-05 12:21:15.035374	2357667
2021-06-05 13:50:24.931800	2357818
2021-06-05 15:03:37.806759	2357983
2021-06-05 16:19:46.857607	2358103
2021-06-05 18:08:53.858613	2358242
2021-06-05 19:44:29.921775	2358367
2021-06-05 20:13:03.739961	2358400
2021-06-05 21:07:41.816535	2358444
2021-06-05 22:06:45.561292	2358509
2021-06-05 23:11:50.354122	2358622
2021-06-06 00:22:23.746053	2358677
2021-06-06 02:45:33.519387	2358883
2021-06-06 04:01:46.401172	2358961
2021-06-06 05:58:58.402005	2359046
2021-06-06 07:40:34.182004	2359092
2021-06-06 08:29:20.232715	2359124
2021-06-06 09:27:28.960527	2359156
2021-06-06 10:27:43.931320	2359241
2021-06-06 11:29:13.639351	2359279
2021-06-06 12:22:35.927465	2359311
2021-06-06 13:53:05.305618	2359498
2021-06-06 15:06:00.695753	2359554
2021-06-06 16:21:32.515192	2359602
2021-06-06 18:06:45.980969	2359713
2021-06-06 19:45:30.588585	2359825
2021-06-06 20:15:03.746313	2359853
2021-06-06 21:08:57.221745	2359884
2021-06-06 22:07:00.569475	2359942
2021-06-06 23:10:25.186718	2360026
2021-06-07 00:19:57.078834	2360098
2021-06-07 02:57:34.377992	2360263
2021-06-07 05:10:40.297049	2360328
2021-06-07 07:15:57.415373	2360357
2021-06-07 09:01:41.643880	2360404
2021-06-07 10:43:33.447066	2360450
2021-06-07 11:43:58.951953	2360495
2021-06-07 12:30:14.531511	2360569
2021-06-07 14:09:09.027911	2360663
2021-06-07 15:20:42.469304	2360834
2021-06-07 16:47:26.613603	2360938
2021-06-07 18:58:37.949370	2361043
2021-06-07 21:00:09.244352	2361226
2021-06-07 22:25:22.178907	2361379
2021-06-07 23:22:31.095879	2361462
2021-06-08 00:26:00.804146	2361494
2021-06-08 02:35:32.418919	2361597
2021-06-08 03:49:04.433619	2361664
2021-06-08 04:34:40.536258	2361679
2021-06-08 05:42:29.250759	2361696
2021-06-08 06:15:50.111734	2361703
2021-06-08 07:18:01.333664	2361728
2021-06-08 08:02:40.031936	2361741
2021-06-08 09:02:12.967254	2361761
2021-06-08 10:02:03.601454	2361803
2021-06-08 11:03:27.367500	2361897
2021-06-08 11:54:41.756201	2361950
2021-06-08 13:21:37.228353	2362005
2021-06-08 14:08:50.216685	2362040
2021-06-08 14:58:20.043770	2362069
2021-06-08 16:10:15.031314	2362155
2021-06-08 17:40:42.247452	2362244
2021-06-08 18:25:19.492372	2362301
2021-06-08 19:27:31.035440	2362393
2021-06-08 20:04:49.303025	2362438
2021-06-08 20:59:37.409289	2362526
2021-06-08 21:58:39.794320	2362591
2021-06-08 22:59:18.901256	2362629
2021-06-08 23:58:25.539748	2362687
2021-06-09 02:06:45.388691	2362782
2021-06-09 03:25:41.760907	2362829
2021-06-09 04:22:23.560867	2362846
2021-06-09 05:25:23.505732	2362862
2021-06-09 06:11:56.636248	2362884
2021-06-09 07:13:40.590331	2362907
2021-06-09 07:58:57.647979	2362920
2021-06-09 08:58:57.151156	2362935
2021-06-09 09:58:14.615140	2362977
2021-06-09 10:59:23.353465	2363035
2021-06-09 11:52:53.669868	2363059
2021-06-09 13:18:42.450318	2363148
2021-06-09 14:02:36.611758	2363176
2021-06-09 14:54:25.067447	2363206
2021-06-09 16:06:17.260376	2363318
2021-06-09 17:30:49.212645	2363431
2021-06-09 18:21:38.898860	2363494
2021-06-09 19:18:19.094261	2363559
2021-06-09 19:56:39.626005	2363578
2021-06-09 20:53:34.729882	2363651
2021-06-09 21:56:17.721203	2363726
2021-06-09 22:56:57.558909	2363772
2021-06-09 23:57:04.572232	2363808
2021-06-10 02:03:43.917366	2363971
2021-06-10 03:19:17.774040	2364030
2021-06-10 04:12:55.335844	2364092
2021-06-10 05:21:06.342936	2364151
2021-06-10 06:05:15.657956	2364159
2021-06-10 07:10:31.396243	2364194
2021-06-10 07:56:59.763496	2364208
2021-06-10 08:57:34.046757	2364220
2021-06-10 09:57:52.231956	2364242
2021-06-10 10:59:14.559536	2364315
2021-06-10 11:52:43.939982	2364396
2021-06-10 13:19:00.099403	2364497
2021-06-10 14:02:14.400800	2364526
2021-06-10 14:53:32.629893	2364561
2021-06-10 16:05:53.222860	2364623
2021-06-10 17:31:37.506276	2364752
2021-06-10 18:20:22.185064	2364785
2021-06-10 19:15:14.798199	2364823
2021-06-10 19:52:47.894261	2364869
2021-06-10 20:52:46.605655	2364905
2021-06-10 21:53:13.196763	2364946
2021-06-10 22:52:40.835245	2365100
2021-06-10 23:53:13.527362	2365184
2021-06-11 01:52:00.758515	2365289
2021-06-11 03:10:59.968458	2365344
2021-06-11 04:01:10.096033	2365356
2021-06-11 05:06:30.168824	2365376
2021-06-11 05:52:43.560835	2365379
2021-06-11 07:03:03.901004	2365413
2021-06-11 07:52:43.897080	2365433
2021-06-11 08:54:09.116243	2365477
2021-06-11 09:54:19.930549	2365516
2021-06-11 10:55:44.910901	2365549
2021-06-11 11:52:48.757677	2365601
2021-06-11 13:12:23.366701	2365780
2021-06-11 13:55:04.356169	2365900
2021-06-11 14:52:55.684861	2365962
2021-06-11 16:01:16.451678	2366026
2021-06-11 17:19:50.716818	2366128
2021-06-11 18:01:57.760847	2366171
2021-06-11 19:01:22.870037	2366220
2021-06-11 19:52:42.665916	2366306
2021-06-11 20:52:58.328385	2366369
2021-06-11 21:52:43.292889	2366450
2021-06-11 22:52:47.074610	2366543
2021-06-11 23:52:44.079237	2366676
2021-06-12 01:42:47.877924	2366760
2021-06-12 02:20:58.774878	2366793
2021-06-12 03:00:58.716064	2366848
2021-06-12 03:58:05.410425	2366892
2021-06-12 05:03:14.147671	2366933
2021-06-12 05:52:45.831140	2366965
2021-06-12 07:02:32.522980	2367000
2021-06-12 07:52:50.337046	2367032
2021-06-12 08:52:55.498748	2367059
2021-06-12 09:53:50.954121	2367088
2021-06-12 10:54:10.498040	2367145
2021-06-12 11:52:42.687275	2367208
2021-06-12 13:10:54.677284	2367266
2021-06-12 13:53:51.083948	2367323
2021-06-12 14:52:42.938973	2367425
2021-06-12 16:00:58.054160	2367515
2021-06-12 17:16:07.959230	2367587
2021-06-12 17:59:07.559645	2367624
2021-06-12 19:02:33.671113	2367691
2021-06-12 19:52:45.136992	2367764
2021-06-12 20:52:47.039637	2367812
2021-06-12 21:52:43.326330	2367914
2021-06-12 22:52:45.240991	2368019
2021-06-12 23:52:47.123822	2368075
2021-06-13 01:50:21.729661	2368152
2021-06-13 03:02:19.865688	2368197
2021-06-13 03:58:52.426566	2368249
2021-06-13 05:03:23.456462	2368260
2021-06-13 05:52:39.197002	2368284
2021-06-13 07:02:50.922718	2368322
2021-06-13 07:52:44.918771	2368357
2021-06-13 08:53:03.203840	2368385
2021-06-13 09:54:15.843219	2368409
2021-06-13 10:53:51.521061	2368429
2021-06-13 11:52:59.548000	2368477
2021-06-13 13:12:41.844445	2368535
2021-06-13 13:54:10.037652	2368553
2021-06-13 14:52:43.873905	2368580
2021-06-13 16:01:18.201031	2368619
2021-06-13 17:16:10.384310	2368693
2021-06-13 17:58:55.768022	2368732
2021-06-13 19:02:34.659103	2368778
2021-06-13 19:52:42.894967	2368839
2021-06-13 20:52:45.834646	2368927
2021-06-13 21:52:41.603878	2369027
2021-06-13 22:52:51.426926	2369065
2021-06-13 23:52:51.867947	2369092
2021-06-14 01:49:01.587100	2369167
2021-06-14 02:27:45.899101	2369175
2021-06-14 03:03:00.725450	2369199
2021-06-14 03:59:32.675440	2369217
2021-06-14 05:04:28.075565	2369256
2021-06-14 05:52:43.688413	2369262
2021-06-14 07:04:54.982013	2369300
2021-06-14 07:52:47.897119	2369311
2021-06-14 08:53:27.681804	2369323
2021-06-14 09:55:13.615316	2369353
2021-06-14 10:54:40.558537	2369409
2021-06-14 11:52:42.835531	2369484
2021-06-14 13:13:35.175315	2369537
2021-06-14 13:54:57.509820	2369558
2021-06-14 14:52:55.545575	2369573
2021-06-14 16:01:36.028200	2369629
2021-06-14 17:17:59.648322	2369670
2021-06-14 17:59:48.101514	2369704
2021-06-14 19:01:25.951800	2369736
2021-06-14 19:52:53.980132	2369760
2021-06-14 20:52:48.550930	2369790
2021-06-14 21:53:26.409759	2369834
2021-06-14 22:52:44.892101	2369876
2021-06-14 23:52:51.444978	2369992
2021-06-15 01:55:21.019040	2370080
2021-06-15 03:05:49.313672	2370116
2021-06-15 03:59:54.305035	2370142
2021-06-15 05:04:18.930502	2370190
2021-06-15 05:52:48.112773	2370223
2021-06-15 07:03:57.067760	2370239
2021-06-15 07:52:47.209541	2370247
2021-06-15 08:53:38.259760	2370285
2021-06-15 09:54:57.817130	2370298
2021-06-15 10:54:13.829809	2370328
2021-06-15 11:52:52.993116	2370363
2021-06-15 13:13:36.824946	2370449
2021-06-15 13:54:46.547455	2370488
2021-06-15 14:52:46.432259	2370541
2021-06-15 16:01:39.576042	2370618
2021-06-15 17:21:26.007559	2370696
2021-06-15 18:03:00.896697	2370753
2021-06-15 19:03:07.989736	2370807
2021-06-15 19:52:43.216636	2370862
2021-06-15 20:52:44.029190	2370905
2021-06-15 21:53:15.295571	2370979
2021-06-15 22:52:50.947179	2371032
2021-06-15 23:52:43.868112	2371082
2021-06-16 01:49:32.030374	2371152
2021-06-16 02:27:49.957637	2371169
2021-06-16 03:02:43.178547	2371201
2021-06-16 03:59:32.169805	2371230
2021-06-16 05:04:02.854517	2371259
2021-06-16 05:52:52.375580	2371271
2021-06-16 07:04:26.245677	2371295
2021-06-16 07:52:46.605065	2371309
2021-06-16 08:53:09.669050	2371323
2021-06-16 09:55:11.923923	2371348
2021-06-16 10:54:23.015516	2371386
2021-06-16 11:52:54.822809	2371408
2021-06-16 13:15:05.867185	2371491
2021-06-16 13:55:06.937942	2371515
2021-06-16 14:52:48.548223	2371564
2021-06-16 16:01:35.011502	2371626
2021-06-16 17:20:10.323925	2371696
2021-06-16 18:01:13.703786	2371786
2021-06-16 19:03:24.317881	2371889
2021-06-16 19:52:56.809442	2371971
2021-06-16 20:52:44.967368	2372051
2021-06-16 21:52:43.529381	2372099
2021-06-16 22:52:43.129285	2372143
2021-06-16 23:52:45.638037	2372186
2021-06-17 01:47:54.027924	2372245
2021-06-17 02:23:21.410380	2372259
2021-06-17 03:01:07.424571	2372274
2021-06-17 03:58:54.012754	2372298
2021-06-17 05:03:49.509877	2372316
2021-06-17 05:52:46.846482	2372336
2021-06-17 07:05:46.044599	2372364
2021-06-17 07:52:55.695247	2372389
2021-06-17 08:53:26.836340	2372423
2021-06-17 09:55:26.811464	2372475
2021-06-17 10:54:28.469221	2372551
2021-06-17 11:52:53.957180	2372678
2021-06-17 13:14:08.854500	2372808
2021-06-17 13:54:40.421522	2372838
2021-06-17 14:52:42.620455	2372885
2021-06-17 16:06:56.990160	2373027
2021-06-17 17:20:18.285811	2373090
2021-06-17 18:01:14.331358	2373160
2021-06-17 19:03:17.529506	2373257
2021-06-17 19:52:57.406635	2373325
2021-06-17 20:52:44.857915	2373438
2021-06-17 21:53:01.892214	2373499
2021-06-17 22:52:43.711852	2373539
2021-06-17 23:52:41.811995	2373580
2021-06-18 01:54:57.229555	2373713
2021-06-18 03:02:59.796455	2373801
2021-06-18 03:58:56.392403	2373845
2021-06-18 05:03:35.769216	2373886
2021-06-18 05:52:48.936239	2373915
2021-06-18 07:04:12.223566	2373946
2021-06-18 07:52:43.730881	2373978
2021-06-18 08:53:16.023973	2373996
2021-06-18 09:54:44.649890	2374036
2021-06-18 10:54:13.915836	2374070
2021-06-18 11:52:48.048165	2374170
2021-06-18 13:14:24.861448	2374233
2021-06-18 13:54:41.883523	2374267
2021-06-18 14:53:05.442068	2374317
2021-06-18 16:01:25.347512	2374376
2021-06-18 17:18:54.799364	2374423
2021-06-18 17:59:38.156367	2374501
2021-06-18 19:01:08.304449	2374555
2021-06-18 19:52:52.217183	2374606
2021-06-18 20:52:59.012234	2374660
2021-06-18 21:52:54.059976	2374750
2021-06-18 22:52:41.943848	2374791
2021-06-18 23:52:49.479052	2374829
2021-06-19 01:52:56.386184	2374898
2021-06-19 03:01:32.087429	2374977
2021-06-19 03:57:46.255887	2375055
2021-06-19 05:03:48.640356	2375096
2021-06-19 05:52:40.578610	2375109
2021-06-19 07:03:21.919891	2375127
2021-06-19 07:52:45.848972	2375146
2021-06-19 08:52:46.833021	2375171
2021-06-19 09:55:23.235070	2375207
2021-06-19 10:53:16.585416	2375236
2021-06-19 11:52:41.769753	2375266
2021-06-19 13:12:01.965320	2375331
2021-06-19 13:52:42.474234	2375373
2021-06-19 14:52:42.668327	2375471
2021-06-19 16:00:25.201751	2375545
2021-06-19 17:14:50.679697	2375619
2021-06-19 17:57:07.892444	2375656
2021-06-19 18:59:33.724158	2375707
2021-06-19 19:52:41.207628	2375745
2021-06-19 20:53:00.371998	2375830
2021-06-19 21:52:46.930611	2375871
2021-06-19 22:52:50.425183	2375924
2021-06-19 23:52:52.319702	2375971
2021-06-20 01:56:07.283945	2376124
2021-06-20 03:02:28.492432	2376175
2021-06-20 03:57:12.851759	2376237
2021-06-20 05:02:50.287654	2376288
2021-06-20 05:52:43.966953	2376308
2021-06-20 07:03:21.776737	2376331
2021-06-20 07:52:41.399099	2376347
2021-06-20 08:52:40.058432	2376386
2021-06-20 09:54:02.309486	2376409
2021-06-20 10:53:09.114548	2376481
2021-06-20 11:52:46.533524	2376556
2021-06-20 13:12:21.754370	2376588
2021-06-20 13:52:40.400571	2376616
2021-06-20 14:53:00.587319	2376660
2021-06-20 16:00:20.507998	2376694
2021-06-20 17:14:52.714100	2376816
2021-06-20 17:57:02.922028	2376852
2021-06-20 18:59:37.457775	2376948
2021-06-20 19:52:53.860056	2377003
2021-06-20 20:52:50.870094	2377068
2021-06-20 21:52:48.121076	2377123
2021-06-20 22:52:41.139071	2377161
2021-06-20 23:52:44.173698	2377188
2021-06-21 01:56:01.200016	2377240
2021-06-21 03:01:53.078049	2377260
2021-06-21 03:57:04.709402	2377287
2021-06-21 05:02:28.688518	2377309
2021-06-21 05:52:46.945898	2377323
2021-06-21 07:05:29.050217	2377337
2021-06-21 08:10:29.831008	2377348
2021-06-21 08:56:49.740515	2377365
2021-06-21 09:54:36.975126	2377384
2021-06-21 10:53:55.335301	2377396
2021-06-21 11:52:47.439828	2377425
2021-06-21 13:13:54.477775	2377459
2021-06-21 13:52:59.031550	2377465
2021-06-21 14:52:51.673165	2377513
2021-06-21 16:01:00.362146	2377574
2021-06-21 17:16:36.371287	2377627
2021-06-21 17:57:40.991488	2377664
2021-06-21 19:00:45.030445	2377706
2021-06-21 19:52:44.118261	2377743
2021-06-21 20:52:44.746990	2377775
2021-06-21 21:52:49.616841	2377850
2021-06-21 22:53:08.171177	2377894
2021-06-21 23:52:50.053249	2377930
2021-06-22 01:44:51.949136	2378012
2021-06-22 02:21:27.424544	2378048
2021-06-22 02:58:54.298426	2378068
2021-06-22 03:55:23.639979	2378091
2021-06-22 05:02:59.156188	2378117
2021-06-22 05:53:00.929441	2378145
2021-06-22 07:03:31.794862	2378159
2021-06-22 07:52:41.228002	2378201
2021-06-22 08:52:45.042887	2378224
2021-06-22 09:54:30.564122	2378246
2021-06-22 10:53:36.426164	2378285
2021-06-22 11:52:43.457024	2378331
2021-06-22 13:13:38.805120	2378348
2021-06-22 13:52:44.308593	2378375
2021-06-22 14:52:43.178538	2378453
2021-06-22 16:01:14.931171	2378511
2021-06-22 17:16:39.350407	2378582
2021-06-22 17:58:12.074740	2378616
2021-06-22 19:00:23.859258	2378709
2021-06-22 19:52:45.348569	2378782
2021-06-22 20:53:02.507932	2378839
2021-06-22 21:52:44.448734	2378880
2021-06-22 22:52:56.521203	2378966
2021-06-22 23:52:41.852693	2379033
2021-06-23 01:37:26.598367	2379137
2021-06-23 02:15:33.873830	2379171
2021-06-23 02:53:28.811140	2379191
2021-06-23 03:52:40.987991	2379223
2021-06-23 04:58:27.085797	2379273
2021-06-23 05:52:59.494327	2379307
2021-06-23 06:59:05.491017	2379321
2021-06-23 07:52:47.239490	2379354
2021-06-23 08:52:57.269437	2379392
2021-06-23 09:52:41.526840	2379433
2021-06-23 10:56:41.240348	2379521
2021-06-23 10:57:20.736464	2379521
2021-06-23 11:52:41.735061	2379564
2021-06-23 13:03:33.973188	2379616
2021-06-23 13:52:40.160015	2379664
2021-06-23 14:52:57.405270	2379708
2021-06-23 15:56:33.389246	2379812
2021-06-23 17:05:06.742019	2379899
2021-06-23 17:52:57.972105	2379946
2021-06-23 18:56:15.485649	2380008
2021-06-23 19:53:00.453042	2380132
2021-06-23 20:52:41.678487	2380202
2021-06-23 21:52:41.335704	2380276
2021-06-23 22:53:03.878939	2380339
2021-06-23 23:55:13.218601	2380390
2021-06-24 01:38:52.806469	2380414
2021-06-24 02:12:08.751779	2380447
2021-06-24 02:55:05.980160	2380472
2021-06-24 03:55:07.493536	2380515
2021-06-24 04:58:24.507457	2380530
2021-06-24 05:55:20.700650	2380545
2021-06-24 06:59:29.932414	2380572
2021-06-24 07:55:28.392068	2380589
2021-06-24 08:55:07.199761	2380607
2021-06-24 09:55:09.537862	2380626
2021-06-24 10:55:10.892239	2380675
2021-06-24 11:55:11.959483	2380691
2021-06-24 13:09:02.113679	2380734
2021-06-24 13:55:13.367584	2380757
2021-06-24 14:55:23.650818	2380806
2021-06-24 15:56:29.321029	2380885
2021-06-24 17:08:47.573567	2380929
2021-06-24 17:55:06.871141	2381007
2021-06-24 18:56:34.116676	2381030
2021-06-24 19:55:07.722189	2381089
2021-06-24 20:55:20.404752	2381143
2021-06-24 21:55:08.688781	2381211
2021-06-24 22:55:12.390801	2381238
2021-06-24 23:55:16.404280	2381290
2021-06-25 01:48:50.164951	2381370
2021-06-25 02:21:07.572957	2381409
2021-06-25 02:55:26.126565	2381425
2021-06-25 03:55:08.212361	2381460
2021-06-25 04:58:41.084224	2381475
2021-06-25 05:55:18.057074	2381494
2021-06-25 06:58:09.851230	2381511
2021-06-25 07:55:17.895518	2381519
2021-06-25 08:55:12.680449	2381555
2021-06-25 09:55:09.350929	2381607
2021-06-25 10:55:14.416974	2381681
2021-06-25 11:55:18.850077	2381747
2021-06-25 13:09:26.559579	2381818
2021-06-25 13:55:07.120244	2381833
2021-06-25 14:55:15.681151	2381906
2021-06-25 15:56:50.878084	2381991
2021-06-25 17:10:40.964541	2382082
2021-06-25 17:55:13.053193	2382109
2021-06-25 18:56:22.884370	2382163
2021-06-25 19:55:13.695718	2382199
2021-06-25 20:55:21.995248	2382273
2021-06-25 21:55:13.105048	2382326
2021-06-25 22:55:07.823444	2382396
2021-06-25 23:55:25.067085	2382419
2021-06-26 01:42:23.401725	2382485
2021-06-26 02:15:20.304253	2382497
2021-06-26 02:55:12.768639	2382524
2021-06-26 03:55:09.041606	2382548
2021-06-26 04:58:11.880644	2382580
2021-06-26 05:55:28.077489	2382621
2021-06-26 06:58:14.988250	2382649
2021-06-26 07:55:16.471418	2382674
2021-06-26 08:55:16.709637	2382737
2021-06-26 09:55:19.760254	2382792
2021-06-26 10:55:06.992753	2382808
2021-06-26 11:55:15.131442	2382828
2021-06-26 13:07:08.956287	2382859
2021-06-26 13:55:11.040240	2382901
2021-06-26 14:55:09.878499	2382976
2021-06-26 15:55:55.164061	2383045
2021-06-26 17:07:55.278950	2383143
2021-06-26 17:55:05.360569	2383225
2021-06-26 18:55:32.944781	2383272
2021-06-26 19:55:24.770641	2383298
2021-06-26 20:55:12.198980	2383391
2021-06-26 21:55:19.522425	2383466
2021-06-26 22:55:13.637734	2383500
2021-06-26 23:55:05.676617	2383576
2021-06-27 01:50:59.383599	2383660
2021-06-27 02:55:05.279634	2383691
2021-06-27 03:55:13.187988	2383720
2021-06-27 04:57:58.885186	2383742
2021-06-27 05:55:25.950219	2383775
2021-06-27 06:58:28.442044	2383793
2021-06-27 07:55:20.361842	2383807
2021-06-27 08:55:06.759245	2383822
2021-06-27 09:55:18.818486	2383835
2021-06-27 10:55:14.597705	2383867
2021-06-27 11:55:04.367512	2383889
2021-06-27 13:07:36.958404	2383906
2021-06-27 13:55:06.673684	2383942
2021-06-27 14:55:11.455832	2384000
2021-06-27 15:55:57.997315	2384058
2021-06-27 17:07:41.293914	2384116
2021-06-27 17:55:06.886227	2384178
2021-06-27 18:55:31.422763	2384204
2021-06-27 19:55:22.635280	2384251
2021-06-27 20:55:30.049869	2384283
2021-06-27 21:55:12.121981	2384307
2021-06-27 22:55:07.662723	2384329
2021-06-27 23:55:22.207217	2384362
2021-06-28 01:46:28.984277	2384472
2021-06-28 02:19:01.077488	2384485
2021-06-28 02:55:32.968310	2384502
2021-06-28 03:55:13.084186	2384519
2021-06-28 04:58:46.646641	2384542
2021-06-28 05:55:06.152698	2384562
2021-06-28 06:59:19.154230	2384567
2021-06-28 07:55:13.562102	2384607
2021-06-28 08:55:10.848795	2384618
2021-06-28 09:55:15.885643	2384635
2021-06-28 10:55:22.260683	2384667
2021-06-28 11:55:07.092872	2384680
2021-06-28 13:09:52.770054	2384715
2021-06-28 13:55:12.361182	2384722
2021-06-28 14:55:31.635517	2384754
2021-06-28 15:57:04.796005	2384791
2021-06-28 17:31:58.220099	2384849
2021-06-28 18:14:12.759686	2384869
2021-06-28 19:01:57.703359	2384882
2021-06-28 19:55:19.474538	2384904
2021-06-28 20:55:34.589289	2384958
2021-06-28 21:55:10.213994	2384987
2021-06-28 22:55:19.421374	2385018
2021-06-28 23:55:12.591142	2385108
2021-06-29 01:43:18.146136	2385184
2021-06-29 02:17:11.384386	2385191
2021-06-29 02:55:26.068219	2385203
2021-06-29 03:55:06.563057	2385228
2021-06-29 04:58:25.798705	2385244
2021-06-29 05:55:14.122575	2385294
2021-06-29 06:59:23.377900	2385301
2021-06-29 07:55:28.519117	2385307
2021-06-29 08:55:12.750514	2385320
2021-06-29 09:55:17.897300	2385328
2021-06-29 10:55:06.283798	2385342
2021-06-29 11:55:08.127568	2385384
2021-06-29 13:09:27.318351	2385452
2021-06-29 13:55:07.566154	2385478
2021-06-29 14:55:07.841502	2385526
2021-06-29 15:55:19.726446	2385607
2021-06-29 17:10:22.283622	2385646
2021-06-29 17:55:08.904542	2385681
2021-06-29 18:56:19.444690	2385775
2021-06-29 19:55:19.532346	2385809
2021-06-29 20:55:13.384401	2385841
2021-06-29 21:55:08.909139	2385902
2021-06-29 22:55:10.058489	2385950
2021-06-29 23:55:26.810487	2385992
2021-06-30 01:48:59.784232	2386096
2021-06-30 02:21:20.472802	2386110
2021-06-30 02:55:05.232468	2386139
2021-06-30 03:55:06.959223	2386197
2021-06-30 04:58:28.497992	2386232
2021-06-30 05:55:23.213053	2386273
2021-06-30 06:59:12.458767	2386282
2021-06-30 07:55:07.534942	2386303
2021-06-30 08:55:09.962555	2386336
2021-06-30 09:55:07.094127	2386373
2021-06-30 10:55:13.080348	2386416
2021-06-30 11:55:11.961297	2386438
2021-06-30 13:09:37.929542	2386534
2021-06-30 13:55:34.107380	2386553
2021-06-30 14:55:16.326383	2386586
2021-06-30 15:56:46.653269	2386634
2021-06-30 17:11:55.938966	2386689
2021-06-30 17:55:05.341237	2386719
2021-06-30 18:56:45.735699	2386789
2021-06-30 19:55:11.692520	2386825
2021-06-30 20:55:20.888852	2386867
2021-06-30 21:55:08.431053	2386918
2021-06-30 22:55:05.416676	2386985
2021-06-30 23:55:06.176367	2387034
2021-07-01 01:47:58.435385	2387094
2021-07-01 02:17:50.229819	2387103
2021-07-01 02:55:10.842815	2387109
2021-07-01 03:55:07.073308	2387140
2021-07-01 04:58:22.430073	2387146
2021-07-01 05:55:14.369721	2387160
2021-07-01 07:00:10.864751	2387172
2021-07-01 07:55:21.667861	2387178
2021-07-01 08:55:36.311166	2387205
2021-07-01 09:55:16.455272	2387227
2021-07-01 10:55:19.890002	2387254
2021-07-01 11:55:13.854192	2387267
2021-07-01 13:08:13.320990	2387303
2021-07-01 13:55:13.803672	2387326
2021-07-01 14:55:09.169252	2387400
2021-07-01 15:56:05.326524	2387455
2021-07-01 17:11:16.723502	2387513
2021-07-01 17:55:10.256560	2387551
2021-07-01 18:58:05.850652	2387614
2021-07-01 19:55:10.078333	2387646
2021-07-01 20:55:14.237150	2387700
2021-07-01 21:55:13.587748	2387817
2021-07-01 22:55:09.075964	2387878
2021-07-01 23:55:26.895041	2387917
2021-07-02 01:46:32.838493	2387997
2021-07-02 02:16:13.573403	2388012
2021-07-02 02:55:12.007437	2388019
2021-07-02 03:55:12.361349	2388033
2021-07-02 04:57:54.712051	2388053
2021-07-02 05:55:15.778054	2388090
2021-07-02 06:58:12.520018	2388113
2021-07-02 07:55:09.043838	2388121
2021-07-02 08:55:19.409222	2388132
2021-07-02 09:55:12.512436	2388160
2021-07-02 10:55:08.743510	2388191
2021-07-02 11:55:11.844997	2388247
2021-07-02 13:07:32.413356	2388316
2021-07-02 13:55:11.872117	2388395
2021-07-02 14:58:58.334230	2388512
2021-07-02 15:56:21.523427	2388555
2021-07-02 17:10:52.223117	2388631
2021-07-02 17:55:08.386507	2388698
2021-07-02 18:57:52.648880	2388765
2021-07-02 19:55:10.847169	2388819
2021-07-02 20:55:08.832221	2388870
2021-07-02 21:55:06.710397	2388916
2021-07-02 22:55:06.916109	2388958
2021-07-02 23:55:18.789393	2389029
2021-07-03 01:39:54.834928	2389075
2021-07-03 02:11:40.196054	2389081
2021-07-03 02:55:22.223619	2389114
2021-07-03 03:55:13.262246	2389157
2021-07-03 04:57:24.846122	2389202
2021-07-03 05:55:13.375529	2389253
2021-07-03 06:56:55.820248	2389300
2021-07-03 07:55:10.295874	2389327
2021-07-03 08:55:11.602983	2389360
2021-07-03 09:55:25.029737	2389435
2021-07-03 10:55:07.490614	2389467
2021-07-03 11:55:29.006239	2389552
2021-07-03 13:04:56.021730	2389613
2021-07-03 13:55:28.425595	2389680
2021-07-03 14:55:29.840694	2389751
2021-07-03 15:55:08.331115	2389820
2021-07-03 17:07:03.610878	2389888
2021-07-03 17:55:08.279466	2389934
2021-07-03 18:55:07.831634	2390033
2021-07-03 19:55:04.544840	2390077
2021-07-03 20:55:17.856552	2390172
2021-07-03 21:55:23.449691	2390236
2021-07-03 22:55:08.912111	2390380
2021-07-03 23:55:26.534059	2390470
2021-07-04 01:43:30.576471	2390530
2021-07-04 02:13:23.167115	2390546
2021-07-04 02:55:12.008529	2390553
2021-07-04 03:55:10.157797	2390579
2021-07-04 04:57:36.513987	2390593
2021-07-04 05:55:09.233982	2390600
2021-07-04 06:56:59.740309	2390614
2021-07-04 07:55:17.354485	2390640
2021-07-04 08:55:18.811628	2390675
2021-07-04 09:55:06.109271	2390705
2021-07-04 10:55:11.043985	2390730
2021-07-04 11:55:09.931000	2390762
2021-07-04 13:05:00.363452	2390779
2021-07-04 13:55:08.864832	2390822
2021-07-04 14:55:10.816754	2390867
2021-07-04 15:55:09.245627	2390937
2021-07-04 17:06:36.959510	2390979
2021-07-04 17:55:10.439342	2391016
2021-07-04 18:55:09.161625	2391073
2021-07-04 19:55:12.530299	2391113
2021-07-04 20:55:15.365118	2391151
2021-07-04 21:55:22.894020	2391202
2021-07-04 22:55:23.226310	2391255
2021-07-04 23:55:07.015379	2391312
2021-07-05 01:44:00.463186	2391336
2021-07-05 02:13:59.655901	2391342
2021-07-05 02:55:08.184625	2391357
2021-07-05 03:55:08.997452	2391363
2021-07-05 04:57:52.320292	2391378
2021-07-05 05:55:27.498568	2391406
2021-07-05 06:58:22.391807	2391415
2021-07-05 07:55:15.417581	2391431
2021-07-05 08:55:12.269484	2391442
2021-07-05 09:55:12.944545	2391454
2021-07-05 10:55:12.249858	2391484
2021-07-05 11:55:24.859818	2391540
2021-07-05 13:07:14.224088	2391582
2021-07-05 13:55:23.596124	2391602
2021-07-05 14:55:15.490707	2391649
2021-07-05 15:55:28.893551	2391679
2021-07-05 17:08:39.371483	2391732
2021-07-05 17:55:07.246592	2391755
2021-07-05 18:55:31.061763	2391787
2021-07-05 19:55:30.157240	2391827
2021-07-05 20:55:09.677062	2391861
2021-07-05 21:55:19.049447	2391893
2021-07-05 22:55:10.284683	2391950
2021-07-05 23:55:16.734441	2391980
2021-07-06 01:46:40.401008	2392055
2021-07-06 02:15:43.475887	2392079
2021-07-06 02:55:06.112679	2392106
2021-07-06 03:55:05.598167	2392130
2021-07-06 04:57:32.208338	2392147
2021-07-06 05:55:09.561422	2392173
2021-07-06 06:57:58.615732	2392179
2021-07-06 07:55:29.472622	2392191
2021-07-06 08:55:14.275313	2392206
2021-07-06 09:55:17.336825	2392220
2021-07-06 10:55:19.019693	2392245
2021-07-06 11:55:35.648580	2392273
2021-07-06 13:07:34.420365	2392320
2021-07-06 13:55:20.774794	2392328
2021-07-06 14:55:27.566457	2392445
2021-07-06 15:56:18.847446	2392477
2021-07-06 17:08:29.294986	2392540
2021-07-06 17:55:19.730901	2392585
2021-07-06 18:55:30.223134	2392632
2021-07-06 19:55:29.458970	2392671
2021-07-06 20:55:10.174777	2392713
2021-07-06 21:55:12.828400	2392756
2021-07-06 22:55:18.521957	2392862
2021-07-06 23:55:20.951431	2392892
2021-07-07 01:46:04.093166	2392997
2021-07-07 02:15:41.965335	2393007
2021-07-07 02:55:13.129361	2393019
2021-07-07 03:55:07.072793	2393060
2021-07-07 04:58:00.644294	2393063
2021-07-07 05:55:22.495657	2393075
2021-07-07 06:57:51.401906	2393094
2021-07-07 07:55:08.107289	2393124
2021-07-07 08:55:10.721319	2393163
2021-07-07 09:55:21.675011	2393243
2021-07-07 10:55:28.030649	2393301
2021-07-07 11:55:16.632641	2393444
2021-07-07 13:08:14.849826	2393468
2021-07-07 13:55:06.442526	2393494
2021-07-07 14:55:05.863473	2393818
2021-07-07 16:03:45.060654	2393860
2021-07-07 17:17:01.246179	2393945
2021-07-07 17:55:09.712900	2393965
2021-07-07 18:56:20.480871	2394067
2021-07-07 19:55:09.088531	2394130
2021-07-07 20:55:17.936854	2394221
2021-07-07 21:55:18.022810	2394251
2021-07-07 22:55:17.917203	2394289
2021-07-07 23:55:04.801358	2394323
2021-07-08 01:45:43.274481	2394377
2021-07-08 02:16:24.262182	2394392
2021-07-08 02:55:19.813275	2394400
2021-07-08 03:55:21.336788	2394411
2021-07-08 04:58:07.252697	2394446
2021-07-08 05:55:22.161275	2394461
2021-07-08 06:57:25.131369	2394470
2021-07-08 07:55:19.595587	2394478
2021-07-08 08:55:23.379190	2394536
2021-07-08 09:55:11.054462	2394549
2021-07-08 10:55:11.888274	2394598
2021-07-08 11:55:23.322621	2394660
2021-07-08 13:10:49.515692	2394772
2021-07-08 13:55:11.033688	2394802
2021-07-08 14:55:08.189014	2394876
2021-07-08 16:02:31.026840	2394923
2021-07-08 17:14:46.966111	2394973
2021-07-08 17:55:08.889175	2395044
2021-07-08 18:55:57.043763	2395076
2021-07-08 19:55:04.934627	2395126
2021-07-08 20:55:08.861065	2395164
2021-07-08 21:55:17.752838	2395204
2021-07-08 22:55:14.605389	2395241
2021-07-08 23:55:07.366017	2395305
2021-07-09 01:46:45.917411	2395387
2021-07-09 02:16:53.026272	2395401
2021-07-09 02:55:05.820042	2395439
2021-07-09 03:55:11.385401	2395458
2021-07-09 04:58:16.469390	2395507
2021-07-09 05:55:20.814925	2395542
2021-07-09 06:57:35.779627	2395549
2021-07-09 07:55:22.629425	2395569
2021-07-09 08:55:10.233423	2395602
2021-07-09 09:55:06.125267	2395651
2021-07-09 10:55:10.567832	2395701
2021-07-09 11:55:55.090274	2395770
2021-07-09 13:06:54.429233	2395861
2021-07-09 13:55:20.076005	2395896
2021-07-09 14:55:09.255767	2395928
2021-07-09 15:57:09.956844	2395989
2021-07-09 17:10:17.513846	2396095
2021-07-09 17:55:08.703036	2396167
2021-07-09 18:57:26.277156	2396277
2021-07-09 19:55:04.751675	2396345
2021-07-09 20:55:14.271666	2396377
2021-07-09 21:55:30.627077	2396439
2021-07-09 22:55:04.780558	2396480
2021-07-09 23:55:22.461239	2396521
2021-07-10 01:42:23.530418	2396577
2021-07-10 02:15:20.418159	2396593
2021-07-10 02:55:07.477327	2396609
2021-07-10 03:55:06.534662	2396636
2021-07-10 04:57:56.550496	2396665
2021-07-10 05:55:20.903009	2396692
2021-07-10 06:56:45.295701	2396756
2021-07-10 07:55:05.412447	2396804
2021-07-10 08:55:17.731016	2396848
2021-07-10 09:55:20.174429	2396918
2021-07-10 10:55:28.203348	2396976
2021-07-10 11:55:20.383983	2397019
2021-07-10 13:04:58.678151	2397125
2021-07-10 13:55:13.509373	2397197
2021-07-10 14:55:26.192163	2397324
2021-07-10 15:55:07.042615	2397383
2021-07-10 17:06:36.751061	2397479
2021-07-10 17:55:15.703293	2397503
2021-07-10 18:55:06.631610	2397574
2021-07-10 19:55:15.061681	2397692
2021-07-10 20:55:22.228979	2397781
2021-07-10 21:55:07.029330	2397834
2021-07-10 22:55:11.690562	2397900
2021-07-10 23:55:31.605957	2397940
2021-07-11 01:50:17.583287	2398042
2021-07-11 02:17:07.101763	2398049
2021-07-11 02:55:05.473648	2398089
2021-07-11 03:55:04.642481	2398120
2021-07-11 04:57:39.951240	2398128
2021-07-11 05:55:10.646711	2398139
2021-07-11 06:57:06.584151	2398156
2021-07-11 07:55:13.541341	2398196
2021-07-11 08:55:09.464247	2398214
2021-07-11 09:55:20.966373	2398242
2021-07-11 10:55:05.276450	2398287
2021-07-11 11:55:23.652944	2398365
2021-07-11 13:04:55.837351	2398420
2021-07-11 13:55:39.079514	2398518
2021-07-11 14:55:14.235629	2398620
2021-07-11 15:55:04.795865	2398710
2021-07-11 17:06:41.752665	2398820
2021-07-11 17:55:27.192700	2398882
2021-07-11 18:55:05.329487	2398976
2021-07-11 19:55:35.011414	2399013
2021-07-11 20:55:05.875279	2399058
2021-07-11 21:55:11.550239	2399088
2021-07-11 22:55:21.861003	2399134
2021-07-11 23:55:10.092112	2399203
2021-07-12 01:43:45.883625	2399315
2021-07-12 02:14:06.117725	2399391
2021-07-12 02:55:08.908634	2399406
2021-07-12 03:55:20.117515	2399432
2021-07-12 04:58:20.625341	2399452
2021-07-12 05:55:25.003373	2399464
2021-07-12 06:58:35.346556	2399469
2021-07-12 07:55:11.721369	2399484
2021-07-12 08:55:14.985167	2399520
2021-07-12 09:55:25.323462	2399546
2021-07-12 10:55:14.556325	2399583
2021-07-12 11:55:42.308330	2399612
2021-07-12 13:09:13.222276	2399636
2021-07-12 13:55:07.981408	2399661
2021-07-12 14:55:24.876716	2399698
2021-07-12 15:55:28.529019	2399793
2021-07-12 17:11:40.780370	2399956
2021-07-12 17:55:09.043142	2400011
2021-07-12 18:56:28.117605	2400127
2021-07-12 19:55:18.341984	2400166
2021-07-12 20:55:32.360579	2400190
2021-07-12 21:55:10.092070	2400213
2021-07-12 22:55:07.794141	2400240
2021-07-12 23:55:18.018167	2400303
2021-07-13 01:46:39.180808	2400366
2021-07-13 02:16:36.871784	2400379
2021-07-13 02:55:06.988315	2400403
2021-07-13 03:55:15.598730	2400427
2021-07-13 04:58:10.298275	2400472
2021-07-13 05:55:29.308963	2400494
2021-07-13 06:57:54.669484	2400523
2021-07-13 07:55:16.537823	2400540
2021-07-13 08:55:15.669163	2400574
2021-07-13 09:55:14.209682	2400701
2021-07-13 10:55:10.262130	2400733
2021-07-13 11:55:17.716170	2400790
2021-07-13 13:10:46.901150	2400831
2021-07-13 13:55:19.247402	2400849
2021-07-13 14:55:15.786762	2400896
2021-07-13 15:56:26.364230	2400948
2021-07-13 17:10:08.750810	2401052
2021-07-13 17:55:13.392211	2401089
2021-07-13 18:55:38.249257	2401111
2021-07-13 19:55:14.013425	2401166
2021-07-13 20:55:12.976254	2401181
2021-07-13 21:55:07.124346	2401204
2021-07-13 22:55:06.077754	2401221
2021-07-13 23:55:21.049430	2401277
2021-07-14 01:41:56.786900	2401337
2021-07-14 02:14:05.174669	2401349
2021-07-14 02:55:04.865653	2401359
2021-07-14 03:55:15.304610	2401383
2021-07-14 04:58:04.104314	2401410
2021-07-14 05:55:16.131312	2401439
2021-07-14 06:57:42.314211	2401476
2021-07-14 07:55:07.512072	2401518
2021-07-14 08:55:21.413202	2401530
2021-07-14 09:55:08.740037	2401545
2021-07-14 10:55:07.482725	2401579
2021-07-14 11:55:28.679589	2401606
2021-07-14 13:11:07.859896	2401673
2021-07-14 13:55:19.632893	2401710
2021-07-14 14:55:07.786722	2401779
2021-07-14 15:56:06.402389	2401827
2021-07-14 17:09:29.982362	2401925
2021-07-14 17:55:17.139406	2401964
2021-07-14 18:56:02.472390	2402062
2021-07-14 19:55:16.833570	2402122
2021-07-14 20:55:11.689759	2402226
2021-07-14 21:55:07.529304	2402285
2021-07-14 22:55:13.982007	2402341
2021-07-14 23:55:07.067406	2402390
2021-07-15 01:46:28.319636	2402456
2021-07-15 02:16:24.325392	2402476
2021-07-15 02:55:18.914082	2402512
2021-07-15 03:55:11.929613	2402601
2021-07-15 04:58:27.267366	2402644
2021-07-15 05:55:07.229974	2402656
2021-07-15 06:56:48.119669	2402665
2021-07-15 07:55:29.838169	2402688
2021-07-15 08:55:12.219299	2402710
2021-07-15 09:55:08.728241	2402755
2021-07-15 10:55:16.031836	2402814
2021-07-15 11:55:21.209844	2402854
2021-07-15 13:08:27.175492	2402903
2021-07-15 13:55:21.887799	2402937
2021-07-15 14:55:13.650004	2402967
2021-07-15 15:55:40.688709	2403019
2021-07-15 17:09:27.739502	2403080
2021-07-15 17:55:27.033478	2403125
2021-07-15 18:55:05.057740	2403192
2021-07-15 19:55:06.931932	2403250
2021-07-15 20:55:27.570379	2403330
2021-07-15 21:55:19.051362	2403367
2021-07-15 22:55:26.995006	2403398
2021-07-15 23:55:26.296447	2403435
2021-07-16 01:47:37.815570	2403544
2021-07-16 02:17:50.261110	2403559
2021-07-16 02:55:06.942418	2403574
2021-07-16 03:55:11.045480	2403619
2021-07-16 04:58:31.729832	2403667
2021-07-16 05:55:05.144335	2403694
2021-07-16 06:58:03.881160	2403746
2021-07-16 07:55:07.790216	2403793
2021-07-16 08:55:11.325366	2403807
2021-07-16 09:55:07.557097	2403861
2021-07-16 10:55:11.840602	2403886
2021-07-16 11:55:07.138451	2403949
2021-07-16 13:08:23.606283	2403999
2021-07-16 13:55:20.026019	2404019
2021-07-16 14:55:10.924820	2404049
2021-07-16 15:58:10.945828	2404085
2021-07-16 17:11:12.491169	2404131
2021-07-16 17:55:07.187477	2404180
2021-07-16 18:56:06.015704	2404217
2021-07-16 19:55:23.274366	2404256
2021-07-16 20:55:21.759213	2404299
2021-07-16 21:55:19.138767	2404357
2021-07-16 22:55:18.321474	2404487
2021-07-16 23:55:24.099293	2404535
2021-07-17 01:42:29.098783	2404566
2021-07-17 02:16:06.932793	2404620
2021-07-17 02:55:15.778814	2404648
2021-07-17 03:55:15.037476	2404661
2021-07-17 04:58:02.715035	2404697
2021-07-17 05:55:24.496050	2404749
2021-07-17 06:56:51.098915	2404801
2021-07-17 07:55:09.565416	2404806
2021-07-17 08:55:30.332281	2404849
2021-07-17 09:55:05.125741	2404911
2021-07-17 10:55:09.984128	2404949
2021-07-17 11:55:21.790651	2405023
2021-07-17 13:05:46.780447	2405071
2021-07-17 13:55:15.328686	2405123
2021-07-17 14:55:25.413763	2405186
2021-07-17 15:55:19.349543	2405249
2021-07-17 17:08:08.801006	2405306
2021-07-17 17:55:13.739608	2405370
2021-07-17 18:55:08.944298	2405462
2021-07-17 19:55:12.148230	2405510
2021-07-17 20:55:16.078869	2405593
2021-07-17 21:55:06.068118	2405689
2021-07-17 22:55:12.545398	2405788
2021-07-17 23:55:13.553739	2405830
2021-07-18 01:46:43.540367	2405884
2021-07-18 02:15:21.676771	2405922
2021-07-18 02:55:05.213647	2405938
2021-07-18 03:55:07.099365	2405986
2021-07-18 04:57:57.802161	2406010
2021-07-18 05:55:28.725921	2406036
2021-07-18 06:57:11.400815	2406050
2021-07-18 07:55:24.788111	2406062
2021-07-18 08:55:11.682968	2406082
2021-07-18 09:55:04.164326	2406109
2021-07-18 10:55:06.374777	2406143
2021-07-18 11:55:18.103362	2406149
2021-07-18 13:05:20.891094	2406213
2021-07-18 13:55:05.649831	2406265
2021-07-18 14:55:26.246658	2406331
2021-07-18 15:55:06.263863	2406362
2021-07-18 17:07:09.993523	2406388
2021-07-18 17:55:03.944033	2406431
2021-07-18 18:55:09.897919	2406485
2021-07-18 19:55:14.204756	2406540
2021-07-18 20:55:30.544058	2406576
2021-07-18 21:55:11.663087	2406598
2021-07-18 22:55:10.785348	2406620
2021-07-18 23:55:12.988547	2406672
2021-07-19 01:46:36.581759	2406747
2021-07-19 02:17:34.689854	2406822
2021-07-19 02:55:07.753245	2406875
2021-07-19 03:55:10.763267	2406883
2021-07-19 04:59:18.628940	2406902
2021-07-19 05:55:25.578326	2406915
2021-07-19 06:59:26.273000	2406927
2021-07-19 07:55:09.050947	2406935
2021-07-19 08:55:11.149396	2406964
2021-07-19 09:55:10.234640	2406978
2021-07-19 10:55:04.416281	2407000
2021-07-19 11:55:05.454738	2407022
2021-07-19 13:09:32.794612	2407071
2021-07-19 13:55:10.305562	2407100
2021-07-19 14:55:13.078248	2407118
2021-07-19 15:55:48.741510	2407151
2021-07-19 17:09:57.197809	2407185
2021-07-19 17:55:16.178475	2407192
2021-07-19 18:57:56.158856	2407229
2021-07-19 19:55:20.318340	2407252
2021-07-19 20:55:19.071139	2407271
2021-07-19 21:55:07.431495	2407337
2021-07-19 22:55:19.915415	2407441
2021-07-19 23:55:09.901051	2407505
2021-07-20 01:51:37.940564	2407592
2021-07-20 02:55:15.701585	2407663
2021-07-20 03:55:08.018535	2407691
2021-07-20 04:58:43.442142	2407718
2021-07-20 05:55:22.768936	2407726
2021-07-20 06:58:12.107327	2407733
2021-07-20 07:55:25.316993	2407757
2021-07-20 08:55:28.760483	2407779
2021-07-20 09:55:30.271622	2407799
2021-07-20 10:55:09.140629	2407832
2021-07-20 11:55:23.355949	2407854
2021-07-20 13:08:40.635248	2407866
2021-07-20 13:55:21.428293	2407876
2021-07-20 14:55:07.665279	2407902
2021-07-20 15:55:41.726468	2407959
2021-07-20 17:09:34.869160	2407992
2021-07-20 17:55:08.456394	2408021
2021-07-20 18:55:52.275729	2408067
2021-07-20 19:55:15.193417	2408100
2021-07-20 20:55:18.625631	2408128
2021-07-20 21:55:11.514908	2408155
2021-07-20 22:55:11.740664	2408223
2021-07-20 23:55:09.535773	2408267
2021-07-21 01:48:11.641662	2408321
2021-07-21 02:18:43.824855	2408329
2021-07-21 02:55:09.174860	2408353
2021-07-21 03:55:09.295322	2408387
2021-07-21 04:58:35.907839	2408400
2021-07-21 05:55:08.248824	2408414
2021-07-21 06:57:57.707418	2408438
2021-07-21 07:55:56.939843	2408455
2021-07-21 08:55:29.133090	2408473
2021-07-21 09:55:14.547579	2408493
2021-07-21 10:55:19.949505	2408522
2021-07-21 11:55:15.065623	2408581
2021-07-21 13:08:25.279310	2408598
2021-07-21 13:55:13.379961	2408606
2021-07-21 14:55:21.837749	2408642
2021-07-21 15:55:52.966843	2408695
2021-07-21 17:11:12.795636	2408745
2021-07-21 17:55:14.066631	2408769
2021-07-21 18:55:57.073558	2408808
2021-07-21 19:55:06.368756	2408857
2021-07-21 20:55:09.829587	2409010
2021-07-21 21:55:20.692838	2409111
2021-07-21 22:55:17.234024	2409195
2021-07-21 23:55:21.376674	2409272
2021-07-22 01:49:48.137164	2409381
2021-07-22 02:21:07.605736	2409395
2021-07-22 02:55:20.315353	2409421
2021-07-22 03:55:05.835428	2409444
2021-07-22 04:58:43.929417	2409473
2021-07-22 05:55:06.578663	2409513
2021-07-22 06:57:59.875054	2409528
2021-07-22 07:55:15.230475	2409531
2021-07-22 08:55:17.621716	2409543
2021-07-22 09:55:06.253542	2409565
2021-07-22 10:55:19.980699	2409594
2021-07-22 11:55:10.844102	2409622
2021-07-22 13:09:19.846844	2409680
2021-07-22 13:55:08.310704	2409700
2021-07-22 14:55:20.206610	2409745
2021-07-22 15:56:30.890273	2409778
2021-07-22 17:11:09.452886	2409830
2021-07-22 17:55:11.658510	2409865
2021-07-22 18:56:30.516066	2409948
2021-07-22 19:55:10.467261	2410000
2021-07-22 20:55:15.512613	2410034
2021-07-22 21:55:14.415615	2410093
2021-07-22 22:55:20.294402	2410137
2021-07-22 23:55:15.713720	2410240
2021-07-23 01:48:14.982086	2410289
2021-07-23 02:17:39.301922	2410307
2021-07-23 02:55:09.957306	2410348
2021-07-23 03:55:05.096789	2410383
2021-07-23 04:59:07.936151	2410433
2021-07-23 05:55:28.360364	2410453
2021-07-23 06:58:01.212914	2410465
2021-07-23 07:55:09.498838	2410493
2021-07-23 08:55:17.186959	2410522
2021-07-23 09:55:10.751331	2410569
2021-07-23 10:55:07.283854	2410579
2021-07-23 11:55:21.300763	2410599
2021-07-23 13:08:14.498610	2410650
2021-07-23 13:55:08.893018	2410674
2021-07-23 14:55:16.704337	2410771
2021-07-23 15:55:23.958065	2410819
2021-07-23 17:10:18.148037	2410891
2021-07-23 17:55:06.668312	2410942
2021-07-23 18:55:42.798082	2411001
2021-07-23 19:55:27.682043	2411067
2021-07-23 20:55:15.833996	2411121
2021-07-23 21:55:08.080933	2411183
2021-07-23 22:55:10.399070	2411225
2021-07-23 23:55:30.916388	2411291
2021-07-24 01:44:26.737821	2411322
2021-07-24 02:16:35.395776	2411356
2021-07-24 02:55:06.361694	2411374
2021-07-24 03:55:06.255302	2411408
2021-07-24 04:58:16.586865	2411449
2021-07-24 05:55:22.145812	2411479
2021-07-24 06:57:06.339765	2411522
2021-07-24 07:55:25.774423	2411556
2021-07-24 08:55:18.017599	2411563
2021-07-24 09:55:24.114970	2411603
2021-07-24 10:55:14.623548	2411659
2021-07-24 11:55:28.229143	2411718
2021-07-24 13:05:54.534598	2411781
2021-07-24 13:55:20.117712	2411806
2021-07-24 14:55:32.072592	2411846
2021-07-24 15:55:05.034261	2411931
2021-07-24 17:07:13.301945	2411996
2021-07-24 17:55:10.035665	2412056
2021-07-24 18:55:08.055184	2412105
2021-07-24 19:55:31.334527	2412130
2021-07-24 20:55:29.704709	2412170
2021-07-24 21:55:15.345126	2412230
2021-07-24 22:55:10.825162	2412309
2021-07-24 23:55:10.838649	2412369
2021-07-25 01:45:35.667548	2412432
2021-07-25 02:15:35.277127	2412468
2021-07-25 02:55:10.583188	2412507
2021-07-25 03:55:07.770644	2412582
2021-07-25 04:57:58.941896	2412614
2021-07-25 05:55:23.031271	2412666
2021-07-25 06:57:08.100758	2412670
2021-07-25 07:55:12.052249	2412713
2021-07-25 08:55:16.480887	2412733
2021-07-25 09:55:15.285055	2412756
2021-07-25 10:55:11.370477	2412774
2021-07-25 11:55:17.806318	2412785
2021-07-25 13:05:46.894860	2412814
2021-07-25 13:55:17.946465	2412836
2021-07-25 14:55:06.784584	2412904
2021-07-25 15:55:09.961481	2412931
2021-07-25 17:07:16.438588	2412991
2021-07-25 17:55:07.519945	2413033
2021-07-25 18:55:06.484842	2413111
2021-07-25 19:55:11.313375	2413151
2021-07-25 20:55:18.595426	2413185
2021-07-25 21:55:06.946136	2413219
2021-07-25 22:55:17.100523	2413261
2021-07-25 23:55:28.201450	2413273
2021-07-26 01:48:20.942713	2413319
2021-07-26 02:18:26.278159	2413319
2021-07-26 02:55:06.905836	2413321
2021-07-26 03:55:08.250054	2413333
2021-07-26 04:58:54.126640	2413362
2021-07-26 05:55:14.826595	2413371
2021-07-26 06:58:00.262903	2413392
2021-07-26 07:55:08.208808	2413405
2021-07-26 08:55:24.876974	2413413
2021-07-26 10:12:55.260638	2413452
2021-07-26 11:02:34.342206	2413468
2021-07-26 11:55:24.246779	2413491
2021-07-26 13:09:37.574007	2413521
2021-07-26 13:55:19.126437	2413550
2021-07-26 14:55:09.395377	2413580
2021-07-26 15:56:11.761666	2413647
2021-07-26 17:10:21.800659	2413690
2021-07-26 17:55:17.216524	2413700
2021-07-26 18:58:00.740767	2413767
2021-07-26 19:55:27.593475	2413794
2021-07-26 20:55:18.924925	2413822
2021-07-26 21:55:07.160139	2413844
2021-07-26 22:55:19.562381	2413879
2021-07-26 23:55:19.787326	2413908
2021-07-27 01:51:13.747481	2413960
2021-07-27 02:55:11.113101	2413979
2021-07-27 03:55:10.286527	2414008
2021-07-27 04:57:22.006380	2414029
2021-07-27 05:55:07.954085	2414048
2021-07-27 06:58:16.534521	2414068
2021-07-27 07:55:20.245192	2414090
2021-07-27 08:55:11.221516	2414106
2021-07-27 09:55:09.041681	2414132
2021-07-27 10:55:13.352480	2414167
2021-07-27 11:55:23.345177	2414186
2021-07-27 13:08:36.257132	2414222
2021-07-27 13:55:06.860050	2414240
2021-07-27 14:55:14.922419	2414248
2021-07-27 15:56:15.685373	2414294
2021-07-27 17:09:54.315978	2414365
2021-07-27 17:55:11.090941	2414410
2021-07-27 18:56:10.094031	2414484
2021-07-27 19:55:14.264038	2414544
2021-07-27 20:55:23.774140	2414616
2021-07-27 21:55:11.051018	2414646
2021-07-27 22:55:13.273981	2414679
2021-07-27 23:55:17.286919	2414730
2021-07-28 01:49:24.474715	2414813
2021-07-28 02:19:37.827052	2414857
2021-07-28 02:55:11.447100	2414892
2021-07-28 03:55:11.796972	2414920
2021-07-28 04:59:31.559169	2414968
2021-07-28 05:55:09.593726	2414991
2021-07-28 06:58:52.055458	2414997
2021-07-28 07:55:16.020607	2415020
2021-07-28 08:55:10.791547	2415026
2021-07-28 09:55:25.748101	2415049
2021-07-28 10:55:17.589821	2415070
2021-07-28 11:55:17.062755	2415092
2021-07-28 13:12:53.725756	2415178
2021-07-28 13:55:27.621798	2415218
2021-07-28 14:55:08.942290	2415270
2021-07-28 15:55:58.676209	2415333
2021-07-28 17:10:43.723500	2415417
2021-07-28 17:55:18.070759	2415446
2021-07-28 18:56:22.044380	2415521
2021-07-28 19:55:26.689985	2415571
2021-07-28 20:55:12.407916	2415608
2021-07-28 21:55:28.902431	2415647
2021-07-28 22:55:14.360857	2415685
2021-07-28 23:55:10.459719	2415792
2021-07-29 01:46:35.918521	2415918
2021-07-29 02:18:10.658262	2415932
2021-07-29 02:55:07.913968	2415965
2021-07-29 03:55:06.669328	2415978
2021-07-29 04:58:50.247213	2416001
2021-07-29 05:55:17.727329	2416015
2021-07-29 06:57:59.052488	2416048
2021-07-29 07:58:22.408965	2416086
2021-07-29 08:55:11.846299	2416136
2021-07-29 09:55:20.826901	2416169
2021-07-29 10:55:12.474847	2416209
2021-07-29 11:55:22.255698	2416244
2021-07-29 13:10:23.163016	2416278
2021-07-29 13:55:07.963419	2416301
2021-07-29 14:55:20.420855	2416364
2021-07-29 15:55:31.444050	2416398
2021-07-29 17:10:22.274457	2416454
2021-07-29 17:55:13.661436	2416494
2021-07-29 18:57:27.970900	2416571
2021-07-29 19:55:24.350935	2416630
2021-07-29 20:55:37.245669	2416709
2021-07-29 21:55:33.034594	2416835
2021-07-29 22:55:27.155506	2416904
2021-07-29 23:55:05.692421	2416931
2021-07-30 01:51:58.528602	2416994
2021-07-30 02:55:07.091121	2417017
2021-07-30 03:55:21.085199	2417045
2021-07-30 04:59:00.928868	2417071
2021-07-30 05:55:08.865547	2417076
2021-07-30 06:57:51.526040	2417086
2021-07-30 07:55:06.954463	2417099
2021-07-30 08:55:10.966378	2417118
2021-07-30 09:55:11.149171	2417133
2021-07-30 10:55:07.889206	2417145
2021-07-30 11:55:08.526968	2417181
2021-07-30 13:09:48.149616	2417223
2021-07-30 13:55:20.300505	2417239
2021-07-30 14:55:12.725269	2417276
2021-07-30 15:55:11.971255	2417308
2021-07-30 17:08:57.233129	2417379
2021-07-30 17:55:14.110352	2417418
2021-07-30 18:55:52.121060	2417494
2021-07-30 19:55:21.121735	2417568
2021-07-30 20:55:14.152536	2417633
2021-07-30 21:55:11.359195	2417711
2021-07-30 22:55:22.006680	2417799
2021-07-30 23:55:14.319264	2417852
2021-07-31 01:44:50.854166	2417909
2021-07-31 02:17:22.076847	2417916
2021-07-31 02:55:09.829353	2417927
2021-07-31 03:55:09.895591	2417980
2021-07-31 04:58:32.521910	2418003
2021-07-31 05:55:32.807689	2418033
2021-07-31 06:56:53.774690	2418051
2021-07-31 07:55:15.737535	2418059
2021-07-31 08:55:06.175972	2418087
2021-07-31 09:55:07.765317	2418106
2021-07-31 10:55:12.188433	2418121
2021-07-31 11:55:24.108557	2418159
2021-07-31 13:06:49.266687	2418189
2021-07-31 13:55:06.251232	2418201
2021-07-31 14:55:15.871734	2418242
2021-07-31 15:55:11.964238	2418299
2021-07-31 17:07:15.206089	2418388
2021-07-31 17:55:10.719799	2418421
2021-07-31 18:55:38.833718	2418468
2021-07-31 19:55:30.215287	2418499
2021-07-31 20:55:19.530140	2418529
2021-07-31 21:55:13.649125	2418574
2021-07-31 22:55:10.917392	2418604
2021-07-31 23:55:19.780727	2418669
2021-08-01 01:52:37.196971	2418714
2021-08-01 02:55:05.000734	2418739
2021-08-01 03:55:14.987157	2418778
2021-08-01 04:58:13.385136	2418783
2021-08-01 05:55:31.958454	2418792
2021-08-01 06:57:18.266529	2418802
2021-08-01 07:55:13.957943	2418806
2021-08-01 08:55:16.751486	2418832
2021-08-01 09:55:04.702140	2418892
2021-08-01 10:55:05.131872	2418922
2021-08-01 11:55:21.997828	2418960
2021-08-01 13:06:19.039879	2418998
2021-08-01 13:55:13.825516	2419029
2021-08-01 14:55:08.941898	2419091
2021-08-01 15:55:09.177018	2419121
2021-08-01 17:07:10.536848	2419156
2021-08-01 17:55:06.084454	2419190
2021-08-01 18:55:07.640578	2419247
2021-08-01 19:55:07.200061	2419297
2021-08-01 20:55:09.932828	2419340
2021-08-01 21:55:05.894240	2419403
2021-08-01 22:55:11.022050	2419415
2021-08-01 23:55:21.121760	2419440
2021-08-02 01:45:57.005637	2419478
2021-08-02 02:16:20.592483	2419493
2021-08-02 02:55:09.255170	2419497
2021-08-02 03:55:12.286392	2419520
2021-08-02 04:58:40.642082	2419526
2021-08-02 05:55:11.303685	2419544
2021-08-02 06:57:44.714094	2419551
2021-08-02 07:55:28.553019	2419566
2021-08-02 08:55:27.790983	2419581
2021-08-02 09:55:20.960325	2419598
2021-08-02 10:55:05.113813	2419651
2021-08-02 11:55:25.901988	2419678
2021-08-02 13:09:53.085465	2419706
2021-08-02 13:55:06.353276	2419737
2021-08-02 14:55:06.667642	2419754
2021-08-02 15:55:06.805941	2419799
2021-08-02 17:09:50.188477	2419839
2021-08-02 17:55:12.775129	2419871
2021-08-02 18:55:35.657957	2419906
2021-08-02 19:55:05.475285	2419928
2021-08-02 20:55:06.244707	2419954
2021-08-02 21:55:05.350203	2420011
2021-08-02 22:55:22.015472	2420034
2021-08-02 23:55:13.831053	2420051
2021-08-03 01:53:28.969923	2420081
2021-08-03 02:55:10.076672	2420101
2021-08-03 03:55:24.301907	2420116
2021-08-03 04:58:33.109742	2420161
2021-08-03 05:55:17.826205	2420169
2021-08-03 06:57:16.473946	2420181
2021-08-03 07:55:31.835444	2420190
2021-08-03 08:55:08.670022	2420203
2021-08-03 09:55:10.715133	2420216
2021-08-03 10:55:07.848101	2420227
2021-08-03 11:55:23.667611	2420260
2021-08-03 13:10:53.083440	2420315
2021-08-03 13:55:11.139976	2420364
2021-08-03 14:55:24.902762	2420407
2021-08-03 15:55:13.416000	2420417
2021-08-03 17:16:28.203215	2420449
2021-08-03 17:55:10.332166	2420501
2021-08-03 19:02:52.383681	2420538
2021-08-03 19:55:31.488476	2420554
2021-08-03 20:55:10.955514	2420583
2021-08-03 21:55:11.903336	2420637
2021-08-03 22:55:12.010804	2420695
2021-08-03 23:55:24.668166	2420759
2021-08-04 01:46:31.006417	2420840
2021-08-04 02:17:34.099176	2420864
2021-08-04 02:55:05.913663	2420885
2021-08-04 03:55:09.278096	2420911
2021-08-04 04:58:48.501062	2420936
2021-08-04 05:55:33.055111	2420944
2021-08-04 06:58:03.760019	2420961
2021-08-04 07:55:36.204102	2420967
2021-08-04 08:55:12.234741	2420973
2021-08-04 09:55:13.751695	2421006
2021-08-04 10:55:08.449306	2421039
2021-08-04 11:55:12.308791	2421094
2021-08-04 13:10:33.125316	2421129
2021-08-04 13:55:06.542159	2421146
2021-08-04 14:55:28.052030	2421163
2021-08-04 15:56:19.907800	2421253
2021-08-04 17:13:16.915234	2421305
2021-08-04 17:55:06.318045	2421333
2021-08-04 19:05:19.490700	2421369
2021-08-04 19:55:14.027529	2421401
2021-08-04 20:55:26.159451	2421490
2021-08-04 21:55:22.021253	2421579
2021-08-04 22:55:29.551210	2421642
2021-08-04 23:55:13.577736	2421663
2021-08-05 01:44:09.496039	2421715
2021-08-05 02:14:12.007360	2421724
2021-08-05 02:55:06.542040	2421743
2021-08-05 03:55:17.329545	2421757
2021-08-05 04:58:51.477816	2421761
2021-08-05 05:55:23.399494	2421767
2021-08-05 06:57:52.286351	2421770
2021-08-05 07:55:22.667670	2421779
2021-08-05 08:55:10.671811	2421786
2021-08-05 09:55:09.957772	2421803
2021-08-05 10:55:14.283668	2421821
2021-08-05 11:55:16.852878	2421855
2021-08-05 13:11:38.190545	2421893
2021-08-05 13:55:21.344110	2421914
2021-08-05 14:55:06.878749	2421947
2021-08-05 15:55:07.328357	2421988
2021-08-05 17:10:26.968648	2422046
2021-08-05 17:55:17.809192	2422077
2021-08-05 18:56:07.812798	2422102
2021-08-05 19:55:11.749292	2422143
2021-08-05 20:55:06.969817	2422206
2021-08-05 21:55:12.486352	2422272
2021-08-05 22:55:17.820751	2422313
2021-08-05 23:55:05.077066	2422325
2021-08-06 01:46:03.546566	2422404
2021-08-06 02:15:41.341078	2422434
2021-08-06 02:55:04.928223	2422443
2021-08-06 03:55:09.570394	2422490
2021-08-06 04:58:52.745370	2422505
2021-08-06 05:55:05.157168	2422512
2021-08-06 06:57:48.596428	2422527
2021-08-06 07:55:22.631150	2422545
2021-08-06 08:55:12.588995	2422560
2021-08-06 09:55:06.734782	2422593
2021-08-06 10:55:13.684731	2422645
2021-08-06 11:55:10.363716	2422695
2021-08-06 13:12:52.244115	2422763
2021-08-06 13:55:23.839521	2422781
2021-08-06 14:55:10.422959	2422853
2021-08-06 15:55:12.110783	2422932
2021-08-06 17:09:46.828083	2422992
2021-08-06 17:55:09.127545	2423030
2021-08-06 18:56:01.554392	2423131
2021-08-06 19:55:26.901607	2423172
2021-08-06 20:55:24.009339	2423197
2021-08-06 21:55:11.255682	2423215
2021-08-06 22:55:26.145758	2423247
2021-08-06 23:55:26.663553	2423348
2021-08-07 01:39:38.630815	2423384
2021-08-07 02:17:15.713220	2423388
2021-08-07 02:55:06.751414	2423400
2021-08-07 03:55:09.995879	2423437
2021-08-07 04:58:04.043377	2423440
2021-08-07 05:55:34.117455	2423454
2021-08-07 06:56:17.642592	2423493
2021-08-07 07:55:14.880529	2423562
2021-08-07 08:55:07.149701	2423589
2021-08-07 09:55:11.364247	2423617
2021-08-07 10:55:30.095765	2423636
2021-08-07 11:55:26.302805	2423654
2021-08-07 13:06:52.836549	2423689
2021-08-07 13:55:13.891773	2423707
2021-08-07 14:55:17.206796	2423735
2021-08-07 15:55:13.601626	2423771
2021-08-07 17:06:50.695061	2423828
2021-08-07 17:55:07.073637	2423885
2021-08-07 18:55:09.816288	2423936
2021-08-07 19:55:16.494096	2424042
2021-08-07 20:55:19.968275	2424081
2021-08-07 21:55:09.039513	2424138
2021-08-07 22:55:33.926322	2424157
2021-08-07 23:55:04.407855	2424203
2021-08-08 01:43:51.211764	2424264
2021-08-08 02:13:40.417865	2424276
2021-08-08 02:55:04.172859	2424293
2021-08-08 03:55:22.616294	2424325
2021-08-08 04:57:48.927461	2424341
2021-08-08 05:55:20.759456	2424362
2021-08-08 06:56:09.190757	2424375
2021-08-08 07:55:17.653831	2424398
2021-08-08 08:55:27.314921	2424401
2021-08-08 09:55:25.019763	2424438
2021-08-08 10:55:13.834068	2424490
2021-08-08 11:55:09.280111	2424548
2021-08-08 13:06:43.614469	2424579
2021-08-08 13:55:14.704401	2424605
2021-08-08 14:55:05.317068	2424653
2021-08-08 15:55:07.692186	2424704
2021-08-08 17:06:44.970472	2424751
2021-08-08 17:55:06.718570	2424785
2021-08-08 18:55:05.507052	2424865
2021-08-08 19:55:31.867880	2424914
2021-08-08 20:55:27.008010	2424961
